,,,,,,,,,,,,,,,,,,,,,,,,,,,,,,,,,,,,,,,,,,,,,,Intensity,ppm error,Intensity,ppm error,Intensity,ppm error,Intensity,ppm error,Intensity,ppm error,Intensity,ppm error,Intensity,ppm error,Intensity,ppm error,Intensity,ppm error,Intensity,ppm error,Intensity,ppm error,Intensity,ppm error,Intensity,ppm error,Intensity,ppm error,Intensity,ppm error,Intensity,ppm error,Intensity,ppm error,Intensity,ppm error,Intensity,ppm error,Intensity,ppm error,Intensity,ppm error,Intensity,ppm error,
Data File,MS Level,Spectrum ID,Spectrum Name,Spectrum Description,Matched Signals,Combined Score (2.0x Score+Explained Lib Intensity),Score,Explained Lib Intensity,Explained Lib Signals,Total Lib Signals,Explained Query Intensity,Explained Query Signals,Total Query Signals,Entry ID,Name,Synonym,Comment,Ion type,RT,Precursor m/z,Charge,Ion mode,Collision energy,Formula,Mol. weight,Exact mass,InChI,InChI key,SMILES,CAS,Pubmed,Pubchem,MoNA ID,Chemspider,Instrument type,Instrument,Ion source,Num peaks,Acquisition,Principal investigator,Data collector,Software,Ms level,Resolution,Compound Name,[M-e]+,[M-e]+,[M+H]+,[M+H]+,[M+Na]+,[M+Na]+,[M-H+2Na]+,[M-H+2Na]+,[M+K]+,[M+K]+,[M-H2O+H]+,[M-H2O+H]+,[M-C2H4+H]+,[M-C2H4+H]+,[M--Cl+H-e]+,[M--Cl+H-e]+,[M-2-Cl+H-e]+,[M-2-Cl+H-e]+,[M--Cl+H+H]+,[M--Cl+H+H]+,[M-2-Cl+H+H]+,[M-2-Cl+H+H]+,[2M-e]+,[2M-e]+,[2M+H]+,[2M+H]+,[2M+Na]+,[2M+Na]+,[2M-H+2Na]+,[2M-H+2Na]+,[2M+K]+,[2M+K]+,[2M-H2O+H]+,[2M-H2O+H]+,[2M-C2H4+H]+,[2M-C2H4+H]+,[2M--Cl+H-e]+,[2M--Cl+H-e]+,[2M-2-Cl+H-e]+,[2M-2-Cl+H-e]+,[2M--Cl+H+H]+,[2M--Cl+H+H]+,[2M-2-Cl+H+H]+,[2M-2-Cl+H+H]+,Compound Name
"29_1neg.imzML",1,,,,20,0.9153616427573703,0.9009753230164864,0.9441342822391382,20,32,0.7049302926057419,20,33,14,Pigment Red 170,,PR 170; pure,,,,,Negative,,C26H22N4O4,,454.1641,"InChI=1S/C26H22N4O4/c1-2-34-22-10-6-5-9-21(22)28-26(33)20-15-17-7-3-4-8-19(17)23(24(20)31)30-29-18-13-11-16(12-14-18)25(27)32/h3-15,31H,2H2,1H3,(H2,27,32)(H,28,33)",BGVYDWVAGZBEMJ-UHFFFAOYSA-N,CCOC1=CC=CC=C1NC(=O)C2=CC3=CC=CC=C3C(=C2O)N=NC4=CC=C(C=C4)C(=O)N,2786-76-7,https://pubchem.ncbi.nlm.nih.gov/compound/C.I.-Pigment-Red-170,,,,qTof,timsTOF fleX,LDI,,Crude,Corinna,Corinna,mzmine2,1,,Pigment Red 170,1.4E4,-2.77,2.6E3,-11.04,,,,,,,,,,,,,,,,,,,,,,,,,,,,,,,,,,,,,,,,,Pigment Red 170
"29_1neg.imzML",1,,,,17,0.9079673298393661,0.8892201276916064,0.9454617341348857,17,32,0.6680584551148225,17,28,14,Pigment Red 170,,PR 170; pure,,,,,Negative,,C26H22N4O4,,454.1641,"InChI=1S/C26H22N4O4/c1-2-34-22-10-6-5-9-21(22)28-26(33)20-15-17-7-3-4-8-19(17)23(24(20)31)30-29-18-13-11-16(12-14-18)25(27)32/h3-15,31H,2H2,1H3,(H2,27,32)(H,28,33)",BGVYDWVAGZBEMJ-UHFFFAOYSA-N,CCOC1=CC=CC=C1NC(=O)C2=CC3=CC=CC=C3C(=C2O)N=NC4=CC=C(C=C4)C(=O)N,2786-76-7,https://pubchem.ncbi.nlm.nih.gov/compound/C.I.-Pigment-Red-170,,,,qTof,timsTOF fleX,LDI,,Crude,Corinna,Corinna,mzmine2,1,,Pigment Red 170,9.4E3,-2.77,2.0E3,-11.04,,,,,,,,,,,,,,,,,,,,,,,,,,,,,,,,,,,,,,,,,Pigment Red 170
"29_1neg.imzML",1,,,,3,0.8761563934671645,0.9335113017889441,0.7614465768236048,3,45,0.0013152999436912708,3,33,15,Pigment Red 170,,PR 170; pure; 1200 sum,,,,,Negative,,C26H22N4O4,,454.1641,"InChI=1S/C26H22N4O4/c1-2-34-22-10-6-5-9-21(22)28-26(33)20-15-17-7-3-4-8-19(17)23(24(20)31)30-29-18-13-11-16(12-14-18)25(27)32/h3-15,31H,2H2,1H3,(H2,27,32)(H,28,33)",BGVYDWVAGZBEMJ-UHFFFAOYSA-N,CCOC1=CC=CC=C1NC(=O)C2=CC3=CC=CC=C3C(=C2O)N=NC4=CC=C(C=C4)C(=O)N,2786-76-7,https://pubchem.ncbi.nlm.nih.gov/compound/C.I.-Pigment-Red-170,,,,qTof,timsTOF fleX,LDI,,Crude,Corinna,Corinna,mzmine2,1,,Pigment Red 170,8.4E3,0.52,1.1E3,-6.08,,,,,,,,,,,,,,,,,,,,,,,,,,,,,,,,,,,,,,,,,Pigment Red 170
"29_1neg.imzML",1,,,,29,0.84160440060728,0.8381189622243075,0.8485752773732249,29,96,0.9822326833607544,29,33,17,"Pigment Red 210, Pigment Red 266 and Pigment Red 170",,PR 210; PR 266 and PR 170; hybrid pure,,,,,Negative,,C25H20N4O4,,440.1484,"InChI=1S/C25H20N4O4/c1-33-21-9-5-4-8-20(21)27-25(32)19-14-16-6-2-3-7-18(16)22(23(19)30)29-28-17-12-10-15(11-13-17)24(26)31/h2-14,30H,1H3,(H2,26,31)(H,27,32)",HULNYTPFPARJMG-UHFFFAOYSA-N,COC1=CC=CC=C1NC(=O)C2=CC3=CC=CC=C3C(=C2O)N=NC4=CC=C(C=C4)C(=O)N,36968-27-1,https://pubchem.ncbi.nlm.nih.gov/compound/162235; https://pubchem.ncbi.nlm.nih.gov/compound/C.I.-Pigment-Red-170,,,,qTof,timsTOF fleX,LDI,,Crude,Corinna,Corinna,mzmine2,1,,"Pigment Red 210, Pigment Red 266 and Pigment Red 170",8.4E3,2.30,1.6E3,-9.84,,,,,,,,,,,,,,,,,,,,,,,,,,,,,,,,,,,,,,,,,"Pigment Red 210, Pigment Red 266 and Pigment Red 170"
"29_1neg.imzML",1,,,,15,0.8374427162049836,0.869192819529197,0.7739425095565565,15,96,0.6860568849706129,15,20,17,"Pigment Red 210, Pigment Red 266 and Pigment Red 170",,PR 210; PR 266 and PR 170; hybrid pure,,,,,Negative,,C25H20N4O4,,440.1484,"InChI=1S/C25H20N4O4/c1-33-21-9-5-4-8-20(21)27-25(32)19-14-16-6-2-3-7-18(16)22(23(19)30)29-28-17-12-10-15(11-13-17)24(26)31/h2-14,30H,1H3,(H2,26,31)(H,27,32)",HULNYTPFPARJMG-UHFFFAOYSA-N,COC1=CC=CC=C1NC(=O)C2=CC3=CC=CC=C3C(=C2O)N=NC4=CC=C(C=C4)C(=O)N,36968-27-1,https://pubchem.ncbi.nlm.nih.gov/compound/162235; https://pubchem.ncbi.nlm.nih.gov/compound/C.I.-Pigment-Red-170,,,,qTof,timsTOF fleX,LDI,,Crude,Corinna,Corinna,mzmine2,1,,"Pigment Red 210, Pigment Red 266 and Pigment Red 170",2.3E3,2.30,6.1E2,-1.47,,,,,,,,,,,,,,,,,,,,,,,,,,,,,,,,,,,,,,,,,"Pigment Red 210, Pigment Red 266 and Pigment Red 170"
"29_1neg.imzML",1,,,,39,0.46941441927908695,0.5051460766092973,0.3979511046186662,39,184,0.7167842368659251,39,80,1,Pigment Red 57,,PR 57; pure,,,,,negative,,C18H14N2O6S,,386.0573,"InChI=1S/C18H14N2O6S/c1-10-6-7-14(15(8-10)27(24,25)26)19-20-16-12-5-3-2-4-11(12)9-13(17(16)21)18(22)23/h2-9,21H,1H3,(H,22,23)(H,24,25,26)  ",JYNBEDVXQNFTOX-UHFFFAOYSA-N  ,CC1=CC(=C(C=C1)N=NC2=C(C(=CC3=CC=CC=C32)C(=O)O)O)S(=O)(=O)O  ,16014-23-6  ,https://pubchem.ncbi.nlm.nih.gov/compound/22139,,,,qTof,timsTOF fleX,LDI,,Crude,Corinna,Corinna,mzmine2,1,,Pigment Red 57,,,,,,,,,,,,,,,,,,,,,,,,,,,,,,,,,,,,,,,,,,,,,Pigment Red 57
"29_1neg.imzML",1,,,,13,0.4660099621583813,0.6045773398617549,0.18887520675163416,13,623,1.0,13,13,2,Pigment Red 57,,PR 57; pure; 1200sum,,,,,negative,,C18H14N2O6S,,386.0573,"InChI=1S/C18H14N2O6S/c1-10-6-7-14(15(8-10)27(24,25)26)19-20-16-12-5-3-2-4-11(12)9-13(17(16)21)18(22)23/h2-9,21H,1H3,(H,22,23)(H,24,25,26)  ",JYNBEDVXQNFTOX-UHFFFAOYSA-N  ,CC1=CC(=C(C=C1)N=NC2=C(C(=CC3=CC=CC=C32)C(=O)O)O)S(=O)(=O)O  ,16014-23-6  ,https://pubchem.ncbi.nlm.nih.gov/compound/22139,,,,qTof,timsTOF fleX,LDI,,Crude,Corinna,Corinna,mzmine2,1,,Pigment Red 57,,,,,,,,,,,,,,,,,,,,,,,,,,,,,,,,,,,,,,,,,,,,,Pigment Red 57
"29_1neg.imzML",1,,,,13,0.20806571133826215,0.2941738232490009,0.035849487516784705,13,343,1.0,13,13,7,Pigment Red 53,,PR 53; pure,,,,,Negative,,C17H13ClN2O4S,,376.0285,"InChI=1S/C17H13ClN2O4S/c1-10-8-14(16(9-13(10)18)25(22,23)24)19-20-17-12-5-3-2-4-11(12)6-7-15(17)21/h2-9,21H,1H3,(H,22,23,24)  ",IYHIFXGFKVJNBB-UHFFFAOYSA-N  ,CC1=CC(=C(C=C1Cl)S(=O)(=O)O)N=NC2=C(C=CC3=CC=CC=C32)O  ,15958-19-7  ,https://pubchem.ncbi.nlm.nih.gov/compound/21239,,,,qTof,timsTOF fleX,LDI,,Crude,Corinna,Carina,mzmine2,1,,Pigment Red 53,,,,,,,,,,,,,,,,,,,,,,,,,,,,,,,,,,,,,,,,,,,,,Pigment Red 53
"29_1neg.imzML",1,,,,8,0.20522273869337715,0.29504088787520316,0.02558644032972509,8,306,0.7524253960456834,8,11,6,Pigment Red 53,,PR 53; pure,,,,,Negative,,C17H13ClN2O4S,,376.0285,"InChI=1S/C17H13ClN2O4S/c1-10-8-14(16(9-13(10)18)25(22,23)24)19-20-17-12-5-3-2-4-11(12)6-7-15(17)21/h2-9,21H,1H3,(H,22,23,24)  ",IYHIFXGFKVJNBB-UHFFFAOYSA-N  ,CC1=CC(=C(C=C1Cl)S(=O)(=O)O)N=NC2=C(C=CC3=CC=CC=C32)O  ,15958-19-7  ,https://pubchem.ncbi.nlm.nih.gov/compound/21239,,,,qTof,timsTOF fleX,LDI,,Crude,Corinna,Carina,mzmine2,1,,Pigment Red 53,,,,,,,,,,,,,,,,,,,,,,,,,,,,,,,,,,,,,,,,,,,,,Pigment Red 53
"29_1neg.imzML",1,,,,8,0.19243043150915115,0.2853561884484604,0.006578917630532631,8,723,0.7524253960456834,8,11,4,Pigment Red 49,,PR 49; pure; 1200sum,,,,,Negative,,C20H14N2O4S,,378.0674,"InChI=1S/C20H14N2O4S/c23-18-12-10-13-5-1-3-7-15(13)19(18)22-21-17-11-9-14-6-2-4-8-16(14)20(17)27(24,25)26/h1-12,23H,(H,24,25,26)  ",SRPCPRSDICCCRQ-UHFFFAOYSA-N  ,C1=CC=C2C(=C1)C=CC(=C2N=NC3=C(C4=CC=CC=C4C=C3)S(=O)(=O)O)O  ,29128-55-0  ,https://pubchem.ncbi.nlm.nih.gov/compound/14200,,,,qTof,timsTOF fleX,LDI,,Crude,Corinna,Corinna,mzmine2,1,,Pigment Red 49,,,,,,,,,,,,,,,,,,,,,,,,,,,,,,,,,,,,,,,,,,,,,Pigment Red 49
"29_1neg.imzML",1,,,,22,0.15904506617659073,0.21361862072640084,0.049897957076970555,22,343,0.7626109450961153,22,37,7,Pigment Red 53,,PR 53; pure,,,,,Negative,,C17H13ClN2O4S,,376.0285,"InChI=1S/C17H13ClN2O4S/c1-10-8-14(16(9-13(10)18)25(22,23)24)19-20-17-12-5-3-2-4-11(12)6-7-15(17)21/h2-9,21H,1H3,(H,22,23,24)  ",IYHIFXGFKVJNBB-UHFFFAOYSA-N  ,CC1=CC(=C(C=C1Cl)S(=O)(=O)O)N=NC2=C(C=CC3=CC=CC=C32)O  ,15958-19-7  ,https://pubchem.ncbi.nlm.nih.gov/compound/21239,,,,qTof,timsTOF fleX,LDI,,Crude,Corinna,Carina,mzmine2,1,,Pigment Red 53,,,,,,,,,,,,,,,,,,,,,,,,,,,,,,,,,,,,,,,,,,,,,Pigment Red 53
"29_1neg.imzML",1,,,,20,0.1423039324402206,0.2071031628340719,0.012705471652517989,20,723,0.7574062149162782,20,33,4,Pigment Red 49,,PR 49; pure; 1200sum,,,,,Negative,,C20H14N2O4S,,378.0674,"InChI=1S/C20H14N2O4S/c23-18-12-10-13-5-1-3-7-15(13)19(18)22-21-17-11-9-14-6-2-4-8-16(14)20(17)27(24,25)26/h1-12,23H,(H,24,25,26)  ",SRPCPRSDICCCRQ-UHFFFAOYSA-N  ,C1=CC=C2C(=C1)C=CC(=C2N=NC3=C(C4=CC=CC=C4C=C3)S(=O)(=O)O)O  ,29128-55-0  ,https://pubchem.ncbi.nlm.nih.gov/compound/14200,,,,qTof,timsTOF fleX,LDI,,Crude,Corinna,Corinna,mzmine2,1,,Pigment Red 49,,,,,,,,,,,,,,,,,,,,,,,,,,,,,,,,,,,,,,,,,,,,,Pigment Red 49
"43_2neg.imzML",1,,,,7,0.9378504860996794,0.9795288284039796,0.8544938014910791,7,45,0.016230775772830924,7,344,15,Pigment Red 170,,PR 170; pure; 1200 sum,,,,,Negative,,C26H22N4O4,,454.1641,"InChI=1S/C26H22N4O4/c1-2-34-22-10-6-5-9-21(22)28-26(33)20-15-17-7-3-4-8-19(17)23(24(20)31)30-29-18-13-11-16(12-14-18)25(27)32/h3-15,31H,2H2,1H3,(H2,27,32)(H,28,33)",BGVYDWVAGZBEMJ-UHFFFAOYSA-N,CCOC1=CC=CC=C1NC(=O)C2=CC3=CC=CC=C3C(=C2O)N=NC4=CC=C(C=C4)C(=O)N,2786-76-7,https://pubchem.ncbi.nlm.nih.gov/compound/C.I.-Pigment-Red-170,,,,qTof,timsTOF fleX,LDI,,Crude,Corinna,Corinna,mzmine2,1,,Pigment Red 170,6.0E4,4.49,1.6E3,-2.99,,,,,,,,,,,,,,,,,,,,,,,,,,,,,,,,,,,,,,,,,Pigment Red 170
"43_2neg.imzML",1,,,,5,0.8135487483813756,0.734812841709027,0.9710205617260727,5,9,0.0019986005763044557,5,2155,19,Pigment Violet 19,,PV 19; pure,,,,,Negative,,C20H12N2O2,,312.0899,"InChI=1S/C20H12N2O2/c23-19-11-5-1-3-7-15(11)21-17-10-14-18(9-13(17)19)22-16-8-4-2-6-12(16)20(14)24/h1-10H,(H,21,23)(H,22,24)",NRCMAYZCPIVABH-UHFFFAOYSA-N,C1=CC=C2C(=C1)C(=O)C3=CC4=C(C=C3N2)C(=O)C5=CC=CC=C5N4,1047-16-1,https://pubchem.ncbi.nlm.nih.gov/compound/13976,,,,qTof,timsTOF fleX,LDI,,Crude,Corinna,Corinna,mzmine2,1,,Pigment Violet 19,1.7E3,5.68,1.7E3,-7.14,1.5E3,18.08,7.4E2,23.01,,,1.7E3,2.68,7.4E2,-23.62,9.1E2,-6.35,,,,,,,,,5.8E2,-4.89,,,,,,,7.3E2,-2.51,7.8E2,-10.04,,,,,6.5E2,-10.69,,,Pigment Violet 19
"43_2neg.imzML",1,,,,98,0.8029399709909462,0.7918089338304897,0.8252020453118593,98,175,0.775556087792532,98,202,9,Pigment Green 7,,PG 7; pure; 1200 sum,,,,,Negative,,C32Cl16CuN8 ,,1126.444,InChI=1S/C32Cl16N8.Cu/c33-9-1-2(10(34)18(42)17(9)41)26-49-25(1)53-27-3-4(12(36)20(44)19(43)11(3)35)29(50-27)55-31-7-8(16(40)24(48)23(47)15(7)39)32(52-31)56-30-6-5(28(51-30)54-26)13(37)21(45)22(46)14(6)38;/q-2;+2,ABFKYPFPQRDCGM-UHFFFAOYSA-N,C12=C(C(=C(C(=C1Cl)Cl)Cl)Cl)C3=NC4=NC(=NC5=C6C(=C([N-]5)N=C7C8=C(C(=C(C(=C8Cl)Cl)Cl)Cl)C(=N7)N=C2[N-]3)C(=C(C(=C6Cl)Cl)Cl)Cl)C9=C4C(=C(C(=C9Cl)Cl)Cl)Cl.[Cu+2],14832-14-5,https://pubchem.ncbi.nlm.nih.gov/compound/26932,,,,qTof,timsTOF fleX,LDI,,Crude,Corinna,Corinna,mzmine2,1,,Pigment Green 7,2.1E4,7.40,8.1E3,0.34,,,,,,,,,,,5.6E3,4.58,2.2E3,-2.80,2.2E3,-0.79,6.6E2,-3.61,,,,,,,,,,,,,,,,,,,,,,,Pigment Green 7
"43_2neg.imzML",1,,,,131,0.7978890162185923,0.7416961117417447,0.9102748251722874,131,175,0.8764657310538554,131,344,9,Pigment Green 7,,PG 7; pure; 1200 sum,,,,,Negative,,C32Cl16CuN8 ,,1126.444,InChI=1S/C32Cl16N8.Cu/c33-9-1-2(10(34)18(42)17(9)41)26-49-25(1)53-27-3-4(12(36)20(44)19(43)11(3)35)29(50-27)55-31-7-8(16(40)24(48)23(47)15(7)39)32(52-31)56-30-6-5(28(51-30)54-26)13(37)21(45)22(46)14(6)38;/q-2;+2,ABFKYPFPQRDCGM-UHFFFAOYSA-N,C12=C(C(=C(C(=C1Cl)Cl)Cl)Cl)C3=NC4=NC(=NC5=C6C(=C([N-]5)N=C7C8=C(C(=C(C(=C8Cl)Cl)Cl)Cl)C(=N7)N=C2[N-]3)C(=C(C(=C6Cl)Cl)Cl)Cl)C9=C4C(=C(C(=C9Cl)Cl)Cl)Cl.[Cu+2],14832-14-5,https://pubchem.ncbi.nlm.nih.gov/compound/26932,,,,qTof,timsTOF fleX,LDI,,Crude,Corinna,Corinna,mzmine2,1,,Pigment Green 7,7.1E5,7.40,2.7E5,0.34,,,,,,,,,,,1.8E5,4.58,3.7E4,-2.80,5.6E4,-0.79,4.9E3,-3.61,,,,,,,,,,,,,,,,,,,,,,,Pigment Green 7
"43_2neg.imzML",1,,,,9,0.7861796091551997,0.8600051962451852,0.6385284349752285,9,96,0.024045849744512855,9,344,17,"Pigment Red 210, Pigment Red 266 and Pigment Red 170",,PR 210; PR 266 and PR 170; hybrid pure,,,,,Negative,,C25H20N4O4,,440.1484,"InChI=1S/C25H20N4O4/c1-33-21-9-5-4-8-20(21)27-25(32)19-14-16-6-2-3-7-18(16)22(23(19)30)29-28-17-12-10-15(11-13-17)24(26)31/h2-14,30H,1H3,(H2,26,31)(H,27,32)",HULNYTPFPARJMG-UHFFFAOYSA-N,COC1=CC=CC=C1NC(=O)C2=CC3=CC=CC=C3C(=C2O)N=NC4=CC=C(C=C4)C(=O)N,36968-27-1,https://pubchem.ncbi.nlm.nih.gov/compound/162235; https://pubchem.ncbi.nlm.nih.gov/compound/C.I.-Pigment-Red-170,,,,qTof,timsTOF fleX,LDI,,Crude,Corinna,Corinna,mzmine2,1,,"Pigment Red 210, Pigment Red 266 and Pigment Red 170",2.2E4,2.93,,,,,,,,,,,,,,,,,,,,,,,,,,,,,,,,,,,,,,,,,,,"Pigment Red 210, Pigment Red 266 and Pigment Red 170"
"43_2neg.imzML",1,,,,7,0.7850107153873805,0.6844092404374904,0.9862136652871608,7,9,0.003920758615280286,7,1482,19,Pigment Violet 19,,PV 19; pure,,,,,Negative,,C20H12N2O2,,312.0899,"InChI=1S/C20H12N2O2/c23-19-11-5-1-3-7-15(11)21-17-10-14-18(9-13(17)19)22-16-8-4-2-6-12(16)20(14)24/h1-10H,(H,21,23)(H,22,24)",NRCMAYZCPIVABH-UHFFFAOYSA-N,C1=CC=C2C(=C1)C(=O)C3=CC4=C(C=C3N2)C(=O)C5=CC=CC=C5N4,1047-16-1,https://pubchem.ncbi.nlm.nih.gov/compound/13976,,,,qTof,timsTOF fleX,LDI,,Crude,Corinna,Corinna,mzmine2,1,,Pigment Violet 19,5.8E2,5.68,5.8E2,-7.14,7.3E2,18.08,7.4E2,23.01,,,8.5E2,2.68,7.4E2,-23.62,,,,,,,,,,,,,,,,,,,,,,,,,,,,,,,Pigment Violet 19
"43_2neg.imzML",1,,,,4,0.7605302174213732,0.9045651103952584,0.47246043147360284,4,179,0.015386330184341598,4,174,16,"Pigment Red 210, Pigment Red 266 and Pigment Red 170",,PR 210; PR 266 and PR 170; hybrid pure; 1200 sum,,,,,Negative,,C25H20N4O4,,440.1484,"InChI=1S/C25H20N4O4/c1-33-21-9-5-4-8-20(21)27-25(32)19-14-16-6-2-3-7-18(16)22(23(19)30)29-28-17-12-10-15(11-13-17)24(26)31/h2-14,30H,1H3,(H2,26,31)(H,27,32)",HULNYTPFPARJMG-UHFFFAOYSA-N,COC1=CC=CC=C1NC(=O)C2=CC3=CC=CC=C3C(=C2O)N=NC4=CC=C(C=C4)C(=O)N,36968-27-1,https://pubchem.ncbi.nlm.nih.gov/compound/162235; https://pubchem.ncbi.nlm.nih.gov/compound/C.I.-Pigment-Red-170,,,,qTof,timsTOF fleX,LDI,,Crude,Corinna,Corinna,mzmine2,1,,"Pigment Red 210, Pigment Red 266 and Pigment Red 170",5.3E2,2.30,,,,,,,,,,,,,,,,,,,,,,,,,,,,,,,,,,,,,,,,,,,"Pigment Red 210, Pigment Red 266 and Pigment Red 170"
"43_2neg.imzML",1,,,,19,0.7387477470898766,0.8669276152466299,0.48238801077636984,19,246,0.7954152823920265,19,24,8,Pigment Green 7,,PG 7; pure,,,,,Negative,,C32Cl16CuN8 ,,1126.444,InChI=1S/C32Cl16N8.Cu/c33-9-1-2(10(34)18(42)17(9)41)26-49-25(1)53-27-3-4(12(36)20(44)19(43)11(3)35)29(50-27)55-31-7-8(16(40)24(48)23(47)15(7)39)32(52-31)56-30-6-5(28(51-30)54-26)13(37)21(45)22(46)14(6)38;/q-2;+2,ABFKYPFPQRDCGM-UHFFFAOYSA-N,C12=C(C(=C(C(=C1Cl)Cl)Cl)Cl)C3=NC4=NC(=NC5=C6C(=C([N-]5)N=C7C8=C(C(=C(C(=C8Cl)Cl)Cl)Cl)C(=N7)N=C2[N-]3)C(=C(C(=C6Cl)Cl)Cl)Cl)C9=C4C(=C(C(=C9Cl)Cl)Cl)Cl.[Cu+2],14832-14-5,https://pubchem.ncbi.nlm.nih.gov/compound/26932,,,,qTof,timsTOF fleX,LDI,,Crude,Corinna,Corinna,mzmine2,1,,Pigment Green 7,1.2E3,8.37,,,,,,,,,,,,,,,,,,,,,,,,,,,,,,,,,,,,,,,,,,,Pigment Green 7
"43_2neg.imzML",1,,,,12,0.6977890155557653,0.85421519898745,0.38493664869239597,12,433,0.11535852251843697,12,97,27,Pigment Orange 13,,PO 13; pure,,,,,Positive,,C32H24Cl2N8O2,,622.14,"InChI=1S/C32H24Cl2N8O2/c1-19-29(31(43)41(39-19)23-9-5-3-6-10-23)37-35-27-15-13-21(17-25(27)33)22-14-16-28(26(34)18-22)36-38-30-20(2)40-42(32(30)44)24-11-7-4-8-12-24/h3-18,43-44H,1-2H3",LVOJOIBIVGEQBP-UHFFFAOYSA-N,CC1=NN(C(=C1N=NC2=C(C=C(C=C2)C3=CC(=C(C=C3)N=NC4=C(N(N=C4C)C5=CC=CC=C5)O)Cl)Cl)O)C6=CC=CC=C6,3520-72-7,https://pubchem.ncbi.nlm.nih.gov/compound/Pyrazolone-Orange,,,,qTof,timsTOF fleX,LDI,,Crude,Corinna,Corinna,mzmine2,1,,Pigment Orange 13,1.2E3,-1.55,2.0E3,-20.17,,,,,,,,,,,,,,,,,,,,,,,,,,,,,,,,,,,,,,,,,Pigment Orange 13
"43_2neg.imzML",1,,,,42,0.611612914517089,0.6387134151236532,0.5574119133039606,42,433,0.01807013133380473,42,344,27,Pigment Orange 13,,PO 13; pure,,,,,Positive,,C32H24Cl2N8O2,,622.14,"InChI=1S/C32H24Cl2N8O2/c1-19-29(31(43)41(39-19)23-9-5-3-6-10-23)37-35-27-15-13-21(17-25(27)33)22-14-16-28(26(34)18-22)36-38-30-20(2)40-42(32(30)44)24-11-7-4-8-12-24/h3-18,43-44H,1-2H3",LVOJOIBIVGEQBP-UHFFFAOYSA-N,CC1=NN(C(=C1N=NC2=C(C=C(C=C2)C3=CC(=C(C=C3)N=NC4=C(N(N=C4C)C5=CC=CC=C5)O)Cl)Cl)O)C6=CC=CC=C6,3520-72-7,https://pubchem.ncbi.nlm.nih.gov/compound/Pyrazolone-Orange,,,,qTof,timsTOF fleX,LDI,,Crude,Corinna,Corinna,mzmine2,1,,Pigment Orange 13,4.5E3,0.51,1.8E4,-20.57,,,,,,,,,,,,,,,,,,,,,,,,,,,,,,,,,,,,,,,,,Pigment Orange 13
"43_2neg.imzML",1,,,,380,0.5991617126854857,0.5423436193587093,0.7127978993390384,380,623,0.35485101571555144,380,1932,2,Pigment Red 57,,PR 57; pure; 1200sum,,,,,negative,,C18H14N2O6S,,386.0573,"InChI=1S/C18H14N2O6S/c1-10-6-7-14(15(8-10)27(24,25)26)19-20-16-12-5-3-2-4-11(12)9-13(17(16)21)18(22)23/h2-9,21H,1H3,(H,22,23)(H,24,25,26)  ",JYNBEDVXQNFTOX-UHFFFAOYSA-N  ,CC1=CC(=C(C=C1)N=NC2=C(C(=CC3=CC=CC=C32)C(=O)O)O)S(=O)(=O)O  ,16014-23-6  ,https://pubchem.ncbi.nlm.nih.gov/compound/22139,,,,qTof,timsTOF fleX,LDI,,Crude,Corinna,Corinna,mzmine2,1,,Pigment Red 57,,,8.8E2,11.75,,,,,,,,,,,8.8E2,-19.04,,,9.6E2,-17.46,,,,,,,,,,,,,,,,,,,,,,,,,Pigment Red 57
"43_2neg.imzML",1,,,,128,0.5874942848036666,0.5113679914308931,0.7397468715492137,128,184,0.23346768146325808,128,1932,1,Pigment Red 57,,PR 57; pure,,,,,negative,,C18H14N2O6S,,386.0573,"InChI=1S/C18H14N2O6S/c1-10-6-7-14(15(8-10)27(24,25)26)19-20-16-12-5-3-2-4-11(12)9-13(17(16)21)18(22)23/h2-9,21H,1H3,(H,22,23)(H,24,25,26)  ",JYNBEDVXQNFTOX-UHFFFAOYSA-N  ,CC1=CC(=C(C=C1)N=NC2=C(C(=CC3=CC=CC=C32)C(=O)O)O)S(=O)(=O)O  ,16014-23-6  ,https://pubchem.ncbi.nlm.nih.gov/compound/22139,,,,qTof,timsTOF fleX,LDI,,Crude,Corinna,Corinna,mzmine2,1,,Pigment Red 57,,,8.8E2,11.75,,,,,,,,,,,8.8E2,-19.04,,,9.6E2,-17.46,,,,,,,,,,,,,,,,,,,,,,,,,Pigment Red 57
"43_2neg.imzML",1,,,,47,0.5256205618101641,0.49888819033531473,0.579085304759863,47,156,0.044232829692917246,47,783,24,Pigment Blue 15,,PB 15; pure,,,,,Negative,,C32H16CuN8,,575.0794,InChI=1S/C32H16N8.Cu/c1-2-10-18-17(9-1)25-33-26(18)38-28-21-13-5-6-14-22(21)30(35-28)40-32-24-16-8-7-15-23(24)31(36-32)39-29-20-12-4-3-11-19(20)27(34-29)37-25;/h1-16H;/q-4;+2,ZMIWEXOHDVYOFQ-UHFFFAOYSA-N,C1=CC=C2/C/3=N\C4=C5C(=C([N-]4)/N=C\6/[N-]/C(=N/C7=C8C(=C([N-]7)/N=C(\C2=C1)/[N-]3)C=CC=C8)/C9=CC=CC=C69)C=CC=C5.[Cu+2],147148,https://pubchem.ncbi.nlm.nih.gov/compound/Pigment-Blue-15_3,,,,qTof,timsTOF fleX,LDI,,Crude,Corinna,Corinna,mzmine2,1,,Pigment Blue 15,6.1E2,13.91,,,,,,,,,,,,,,,,,,,,,,,,,,,,,,,,,,,,,,,,,,,Pigment Blue 15
"43_2neg.imzML",1,,,,46,0.5088757707200525,0.5108536570426396,0.5049199980748785,46,156,0.037137734370410555,46,809,24,Pigment Blue 15,,PB 15; pure,,,,,Negative,,C32H16CuN8,,575.0794,InChI=1S/C32H16N8.Cu/c1-2-10-18-17(9-1)25-33-26(18)38-28-21-13-5-6-14-22(21)30(35-28)40-32-24-16-8-7-15-23(24)31(36-32)39-29-20-12-4-3-11-19(20)27(34-29)37-25;/h1-16H;/q-4;+2,ZMIWEXOHDVYOFQ-UHFFFAOYSA-N,C1=CC=C2/C/3=N\C4=C5C(=C([N-]4)/N=C\6/[N-]/C(=N/C7=C8C(=C([N-]7)/N=C(\C2=C1)/[N-]3)C=CC=C8)/C9=CC=CC=C69)C=CC=C5.[Cu+2],147148,https://pubchem.ncbi.nlm.nih.gov/compound/Pigment-Blue-15_3,,,,qTof,timsTOF fleX,LDI,,Crude,Corinna,Corinna,mzmine2,1,,Pigment Blue 15,1.2E3,9.77,,,,,,,,,,,,,,,,,,,,,,,,,,,,,,,,,,,,,,,,,,,Pigment Blue 15
"43_2neg.imzML",1,,,,60,0.470683783847668,0.25537908474601,0.9012931820509841,60,105,0.02776081595724421,60,1738,12,Pigment Red 122,,PR 122; pure,,,,,Negative,,C22H16N2O2,,340.1212,"InChI=1S/C22H16N2O2/c1-11-3-5-17-13(7-11)21(25)15-9-20-16(10-19(15)23-17)22(26)14-8-12(2)4-6-18(14)24-20/h3-10H,1-2H3,(H,23,25)(H,24,26)",TXWSZJSDZKWQAU-UHFFFAOYSA-N,CC1=CC2=C(C=C1)NC3=CC4=C(C=C3C2=O)NC5=C(C4=O)C=C(C=C5)C,980-26-7,https://pubchem.ncbi.nlm.nih.gov/compound/70423,,,,qTof,timsTOF fleX,LDI,,Crude,Corinna,Corinna,mzmine2,1,,Pigment Red 122,7.2E2,-3.90,6.9E2,9.31,,,6.7E2,21.60,5.1E2,4.33,5.3E2,-12.44,8.3E2,-7.14,5.1E2,-1.65,,,,,,,,,,,,,,,,,,,,,,,,,,,,,Pigment Red 122
"43_2neg.imzML",1,,,,63,0.47044688773383175,0.23915925896197734,0.9330221452775406,63,105,0.025259505320478184,63,1932,12,Pigment Red 122,,PR 122; pure,,,,,Negative,,C22H16N2O2,,340.1212,"InChI=1S/C22H16N2O2/c1-11-3-5-17-13(7-11)21(25)15-9-20-16(10-19(15)23-17)22(26)14-8-12(2)4-6-18(14)24-20/h3-10H,1-2H3,(H,23,25)(H,24,26)",TXWSZJSDZKWQAU-UHFFFAOYSA-N,CC1=CC2=C(C=C1)NC3=CC4=C(C=C3C2=O)NC5=C(C4=O)C=C(C=C5)C,980-26-7,https://pubchem.ncbi.nlm.nih.gov/compound/70423,,,,qTof,timsTOF fleX,LDI,,Crude,Corinna,Corinna,mzmine2,1,,Pigment Red 122,6.7E2,-12.16,5.8E2,-5.72,6.1E2,19.40,,,,,7.6E2,-13.38,7.7E2,-10.26,,,,,,,,,,,,,,,,,,,,,,,,,,,,,,,Pigment Red 122
"43_2neg.imzML",1,,,,10,0.4537688618755362,0.5925076967571923,0.17629119211222405,10,623,0.9418775750441436,10,11,2,Pigment Red 57,,PR 57; pure; 1200sum,,,,,negative,,C18H14N2O6S,,386.0573,"InChI=1S/C18H14N2O6S/c1-10-6-7-14(15(8-10)27(24,25)26)19-20-16-12-5-3-2-4-11(12)9-13(17(16)21)18(22)23/h2-9,21H,1H3,(H,22,23)(H,24,25,26)  ",JYNBEDVXQNFTOX-UHFFFAOYSA-N  ,CC1=CC(=C(C=C1)N=NC2=C(C(=CC3=CC=CC=C32)C(=O)O)O)S(=O)(=O)O  ,16014-23-6  ,https://pubchem.ncbi.nlm.nih.gov/compound/22139,,,,qTof,timsTOF fleX,LDI,,Crude,Corinna,Corinna,mzmine2,1,,Pigment Red 57,,,,,,,,,,,,,,,,,,,,,,,,,,,,,,,,,,,,,,,,,,,,,Pigment Red 57
"43_2neg.imzML",1,,,,21,0.42953856116239875,0.29130951787804354,0.7059966477311093,21,105,0.013562250787957676,21,688,12,Pigment Red 122,,PR 122; pure,,,,,Negative,,C22H16N2O2,,340.1212,"InChI=1S/C22H16N2O2/c1-11-3-5-17-13(7-11)21(25)15-9-20-16(10-19(15)23-17)22(26)14-8-12(2)4-6-18(14)24-20/h3-10H,1-2H3,(H,23,25)(H,24,26)",TXWSZJSDZKWQAU-UHFFFAOYSA-N,CC1=CC2=C(C=C1)NC3=CC4=C(C=C3C2=O)NC5=C(C4=O)C=C(C=C5)C,980-26-7,https://pubchem.ncbi.nlm.nih.gov/compound/70423,,,,qTof,timsTOF fleX,LDI,,Crude,Corinna,Corinna,mzmine2,1,,Pigment Red 122,,,,,5.5E2,-2.12,,,,,,,,,,,,,,,,,,,,,,,,,,,,,,,,,,,,,,,Pigment Red 122
"43_2neg.imzML",1,,,,53,0.39858784164308475,0.2662887029841052,0.663186118961044,53,96,0.026092352719363304,53,1369,17,"Pigment Red 210, Pigment Red 266 and Pigment Red 170",,PR 210; PR 266 and PR 170; hybrid pure,,,,,Negative,,C25H20N4O4,,440.1484,"InChI=1S/C25H20N4O4/c1-33-21-9-5-4-8-20(21)27-25(32)19-14-16-6-2-3-7-18(16)22(23(19)30)29-28-17-12-10-15(11-13-17)24(26)31/h2-14,30H,1H3,(H2,26,31)(H,27,32)",HULNYTPFPARJMG-UHFFFAOYSA-N,COC1=CC=CC=C1NC(=O)C2=CC3=CC=CC=C3C(=C2O)N=NC4=CC=C(C=C4)C(=O)N,36968-27-1,https://pubchem.ncbi.nlm.nih.gov/compound/162235; https://pubchem.ncbi.nlm.nih.gov/compound/C.I.-Pigment-Red-170,,,,qTof,timsTOF fleX,LDI,,Crude,Corinna,Corinna,mzmine2,1,,"Pigment Red 210, Pigment Red 266 and Pigment Red 170",,,5.6E2,23.51,,,5.2E2,0.90,5.7E2,4.49,5.6E2,6.20,,,,,,,,,,,,,,,,,,,,,,,,,,,,,,,,,"Pigment Red 210, Pigment Red 266 and Pigment Red 170"
"43_2neg.imzML",1,,,,127,0.3928610125515836,0.25889000547098884,0.6608030267127731,127,184,0.07885176269593644,127,2752,10,Pigment Orange 16,,PO 16; pure,,,,,Negative,,C34H32N6O6,,620.2383,"InChI=1S/C34H32N6O6/c1-21(41)31(33(43)35-25-11-7-5-8-12-25)39-37-27-17-15-23(19-29(27)45-3)24-16-18-28(30(20-24)46-4)38-40-32(22(2)42)34(44)36-26-13-9-6-10-14-26/h5-20,31-32H,1-4H3,(H,35,43)(H,36,44)",DMPXHEMGDYKSFL-UHFFFAOYSA-N,CC(=O)C(C(=O)NC1=CC=CC=C1)N=NC2=C(C=C(C=C2)C3=CC(=C(C=C3)N=NC(C(=O)C)C(=O)NC4=CC=CC=C4)OC)OC,6505-28-8,https://pubchem.ncbi.nlm.nih.gov/compound/110869,,,,qTof,timsTOF fleX,LDI,,Crude,Corinna,Corinna,mzmine2,1,,Pigment Orange 16,,,9.1E2,-15.08,1.4E3,-12.49,,,1.2E3,-24.97,1.7E3,-6.52,1.2E3,-0.48,,,,,,,,,,,,,,,,,,,,,,,,,,,,,,,Pigment Orange 16
"43_2neg.imzML",1,,,,120,0.38031103729104626,0.2837235394017251,0.5734860330696885,120,184,0.07410326802979085,120,1607,10,Pigment Orange 16,,PO 16; pure,,,,,Negative,,C34H32N6O6,,620.2383,"InChI=1S/C34H32N6O6/c1-21(41)31(33(43)35-25-11-7-5-8-12-25)39-37-27-17-15-23(19-29(27)45-3)24-16-18-28(30(20-24)46-4)38-40-32(22(2)42)34(44)36-26-13-9-6-10-14-26/h5-20,31-32H,1-4H3,(H,35,43)(H,36,44)",DMPXHEMGDYKSFL-UHFFFAOYSA-N,CC(=O)C(C(=O)NC1=CC=CC=C1)N=NC2=C(C=C(C=C2)C3=CC(=C(C=C3)N=NC(C(=O)C)C(=O)NC4=CC=CC=C4)OC)OC,6505-28-8,https://pubchem.ncbi.nlm.nih.gov/compound/110869,,,,qTof,timsTOF fleX,LDI,,Crude,Corinna,Corinna,mzmine2,1,,Pigment Orange 16,,,,,,,,,,,,,,,,,,,,,,,,,,,,,,,,,,,,,,,,,,,,,Pigment Orange 16
"43_2neg.imzML",1,,,,158,0.3507576188547586,0.25140790441196714,0.5494570477403414,158,346,0.10562598388843972,158,1607,3,Pigment Red 49,,PR 49; pure,,,,,Negative,,C20H14N2O4S,,378.0674,"InChI=1S/C20H14N2O4S/c23-18-12-10-13-5-1-3-7-15(13)19(18)22-21-17-11-9-14-6-2-4-8-16(14)20(17)27(24,25)26/h1-12,23H,(H,24,25,26)  ",SRPCPRSDICCCRQ-UHFFFAOYSA-N  ,C1=CC=C2C(=C1)C=CC(=C2N=NC3=C(C4=CC=CC=C4C=C3)S(=O)(=O)O)O  ,29128-55-0  ,https://pubchem.ncbi.nlm.nih.gov/compound/14200,,,,qTof,timsTOF fleX,LDI,,Crude,Corinna,Corinna,mzmine2,1,,Pigment Red 49,,,,,,,,,,,6.2E2,-0.74,,,9.0E2,13.96,,,8.0E2,14.41,,,,,,,,,,,,,,,,,,,,,,,,,Pigment Red 49
"43_2neg.imzML",1,,,,164,0.3428516268352464,0.23532738896859362,0.557900102568552,164,346,0.09932235399312501,164,2155,3,Pigment Red 49,,PR 49; pure,,,,,Negative,,C20H14N2O4S,,378.0674,"InChI=1S/C20H14N2O4S/c23-18-12-10-13-5-1-3-7-15(13)19(18)22-21-17-11-9-14-6-2-4-8-16(14)20(17)27(24,25)26/h1-12,23H,(H,24,25,26)  ",SRPCPRSDICCCRQ-UHFFFAOYSA-N  ,C1=CC=C2C(=C1)C=CC(=C2N=NC3=C(C4=CC=CC=C4C=C3)S(=O)(=O)O)O  ,29128-55-0  ,https://pubchem.ncbi.nlm.nih.gov/compound/14200,,,,qTof,timsTOF fleX,LDI,,Crude,Corinna,Corinna,mzmine2,1,,Pigment Red 49,,,,,,,,,,,,,,,9.0E2,13.96,,,5.7E2,-10.61,,,,,,,,,,,,,,,,,,,,,,,,,Pigment Red 49
"43_2neg.imzML",1,,,,58,0.3063283789890536,0.2588355700288825,0.4013139969093956,58,146,0.049532892769753666,58,1267,20,Pigment Yellow 14,,PY 14; pure,,,,,Negative,,C34H30Cl2N6O4,,656.1706,"InChI=1S/C34H30Cl2N6O4/c1-19-9-5-7-11-27(19)37-33(45)31(21(3)43)41-39-29-15-13-23(17-25(29)35)24-14-16-30(26(36)18-24)40-42-32(22(4)44)34(46)38-28-12-8-6-10-20(28)2/h5-18,31-32H,1-4H3,(H,37,45)(H,38,46)",LQZFGPJGXVFSTR-UHFFFAOYSA-N,CC1=CC=CC=C1NC(=O)C(C(=O)C)N=NC2=C(C=C(C=C2)C3=CC(=C(C=C3)N=NC(C(=O)C)C(=O)NC4=CC=CC=C4C)Cl)Cl  ,5468-75-7,https://pubchem.ncbi.nlm.nih.gov/compound/93006,,,,qTof,timsTOF fleX,LDI,,Crude,Corinna,Corinna,mzmine2,1,,Pigment Yellow 14,,,,,,,,,,,,,,,,,,,,,,,,,,,,,,,,,,,,,,,,,,,,,Pigment Yellow 14
"43_2neg.imzML",1,,,,16,0.28706863077758316,0.30930129860635136,0.24260329512004677,16,146,0.02773743924353644,16,192,20,Pigment Yellow 14,,PY 14; pure,,,,,Negative,,C34H30Cl2N6O4,,656.1706,"InChI=1S/C34H30Cl2N6O4/c1-19-9-5-7-11-27(19)37-33(45)31(21(3)43)41-39-29-15-13-23(17-25(29)35)24-14-16-30(26(36)18-24)40-42-32(22(4)44)34(46)38-28-12-8-6-10-20(28)2/h5-18,31-32H,1-4H3,(H,37,45)(H,38,46)",LQZFGPJGXVFSTR-UHFFFAOYSA-N,CC1=CC=CC=C1NC(=O)C(C(=O)C)N=NC2=C(C=C(C=C2)C3=CC(=C(C=C3)N=NC(C(=O)C)C(=O)NC4=CC=CC=C4C)Cl)Cl  ,5468-75-7,https://pubchem.ncbi.nlm.nih.gov/compound/93006,,,,qTof,timsTOF fleX,LDI,,Crude,Corinna,Corinna,mzmine2,1,,Pigment Yellow 14,,,,,,,,,,,,,,,,,,,,,,,,,,,,,,,,,,,,,,,,,,,,,Pigment Yellow 14
"43_2neg.imzML",1,,,,17,0.2616723964181956,0.30574251007715947,0.17353216910026795,17,173,0.0041355995521911385,17,344,22,Pigment Yellow 83,,PY 83; pure,,,,,Negative,,C26H27ClN4O8S,,818.1006,"InChI=1S/C26H27ClN4O8S/c1-15(32)25(26(33)28-18-12-20(36-2)17(27)11-21(18)37-3)30-29-19-13-23(39-5)24(14-22(19)38-4)40(34,35)31-16-9-7-6-8-10-16/h6-14,25,31H,1-5H3,(H,28,33)  ",WNWZKKBGFYKSGA-UHFFFAOYSA-N  ,CC(=O)C(C(=O)NC1=CC(=C(C=C1OC)Cl)OC)N=NC2=CC(=C(C=C2OC)S(=O)(=O)NC3=CC=CC=C3)OC  ,12225-18-2  ,https://pubchem.ncbi.nlm.nih.gov/compound/61559,,,,qTof,timsTOF fleX,LDI,,Crude,Corinna,Corinna,mzmine2,1,,Pigment Yellow 83,,,,,,,,,,,,,,,,,,,,,,,,,,,,,,,,,,,,,,,,,,,,,Pigment Yellow 83
"43_2neg.imzML",1,,,,14,0.1945646598056815,0.2754508712467865,0.03279223692347142,14,306,0.7942200670420152,14,22,6,Pigment Red 53,,PR 53; pure,,,,,Negative,,C17H13ClN2O4S,,376.0285,"InChI=1S/C17H13ClN2O4S/c1-10-8-14(16(9-13(10)18)25(22,23)24)19-20-17-12-5-3-2-4-11(12)6-7-15(17)21/h2-9,21H,1H3,(H,22,23,24)  ",IYHIFXGFKVJNBB-UHFFFAOYSA-N  ,CC1=CC(=C(C=C1Cl)S(=O)(=O)O)N=NC2=C(C=CC3=CC=CC=C32)O  ,15958-19-7  ,https://pubchem.ncbi.nlm.nih.gov/compound/21239,,,,qTof,timsTOF fleX,LDI,,Crude,Corinna,Carina,mzmine2,1,,Pigment Red 53,,,,,,,,,,,,,,,,,,,,,,,,,,,,,,,,,,,,,,,,,,,,,Pigment Red 53
"43_2neg.imzML",1,,,,11,0.18573103141692782,0.27504813535281136,0.0070968235451607355,11,723,0.8634133102141671,11,15,4,Pigment Red 49,,PR 49; pure; 1200sum,,,,,Negative,,C20H14N2O4S,,378.0674,"InChI=1S/C20H14N2O4S/c23-18-12-10-13-5-1-3-7-15(13)19(18)22-21-17-11-9-14-6-2-4-8-16(14)20(17)27(24,25)26/h1-12,23H,(H,24,25,26)  ",SRPCPRSDICCCRQ-UHFFFAOYSA-N  ,C1=CC=C2C(=C1)C=CC(=C2N=NC3=C(C4=CC=CC=C4C=C3)S(=O)(=O)O)O  ,29128-55-0  ,https://pubchem.ncbi.nlm.nih.gov/compound/14200,,,,qTof,timsTOF fleX,LDI,,Crude,Corinna,Corinna,mzmine2,1,,Pigment Red 49,,,,,,,,,,,,,,,,,,,,,,,,,,,,,,,,,,,,,,,,,,,,,Pigment Red 49
"43_2neg.imzML",1,,,,26,0.17440768422088138,0.2340992114918392,0.05502462967896567,26,343,0.9329489059207235,26,33,7,Pigment Red 53,,PR 53; pure,,,,,Negative,,C17H13ClN2O4S,,376.0285,"InChI=1S/C17H13ClN2O4S/c1-10-8-14(16(9-13(10)18)25(22,23)24)19-20-17-12-5-3-2-4-11(12)6-7-15(17)21/h2-9,21H,1H3,(H,22,23,24)  ",IYHIFXGFKVJNBB-UHFFFAOYSA-N  ,CC1=CC(=C(C=C1Cl)S(=O)(=O)O)N=NC2=C(C=CC3=CC=CC=C32)O  ,15958-19-7  ,https://pubchem.ncbi.nlm.nih.gov/compound/21239,,,,qTof,timsTOF fleX,LDI,,Crude,Corinna,Carina,mzmine2,1,,Pigment Red 53,,,,,,,,,,,,,,,,,,,,,,,,,,,,,,,,,,,,,,,,,,,,,Pigment Red 53
"54_1_neg.imzML",1,,,,4,0.8679775549037053,0.9016844076138236,0.8005638494834688,4,32,0.1877829139941458,4,17,14,Pigment Red 170,,PR 170; pure,,,,,Negative,,C26H22N4O4,,454.1641,"InChI=1S/C26H22N4O4/c1-2-34-22-10-6-5-9-21(22)28-26(33)20-15-17-7-3-4-8-19(17)23(24(20)31)30-29-18-13-11-16(12-14-18)25(27)32/h3-15,31H,2H2,1H3,(H2,27,32)(H,28,33)",BGVYDWVAGZBEMJ-UHFFFAOYSA-N,CCOC1=CC=CC=C1NC(=O)C2=CC3=CC=CC=C3C(=C2O)N=NC4=CC=C(C=C4)C(=O)N,2786-76-7,https://pubchem.ncbi.nlm.nih.gov/compound/C.I.-Pigment-Red-170,,,,qTof,timsTOF fleX,LDI,,Crude,Corinna,Corinna,mzmine2,1,,Pigment Red 170,4.3E3,5.63,7.8E2,-2.73,,,,,,,,,,,,,,,,,,,,,,,,,,,,,,,,,,,,,,,,,Pigment Red 170
"54_1_neg.imzML",1,,,,13,0.8555815196616802,0.8249504229017851,0.9168437131814703,13,32,0.4982772511442138,13,23,14,Pigment Red 170,,PR 170; pure,,,,,Negative,,C26H22N4O4,,454.1641,"InChI=1S/C26H22N4O4/c1-2-34-22-10-6-5-9-21(22)28-26(33)20-15-17-7-3-4-8-19(17)23(24(20)31)30-29-18-13-11-16(12-14-18)25(27)32/h3-15,31H,2H2,1H3,(H2,27,32)(H,28,33)",BGVYDWVAGZBEMJ-UHFFFAOYSA-N,CCOC1=CC=CC=C1NC(=O)C2=CC3=CC=CC=C3C(=C2O)N=NC4=CC=C(C=C4)C(=O)N,2786-76-7,https://pubchem.ncbi.nlm.nih.gov/compound/C.I.-Pigment-Red-170,,,,qTof,timsTOF fleX,LDI,,Crude,Corinna,Corinna,mzmine2,1,,Pigment Red 170,6.8E3,5.63,1.7E3,-2.73,,,,,,,,,,,,,,,,,,,,,,,,,,,,,,,,,,,,,,,,,Pigment Red 170
"54_1_neg.imzML",1,,,,17,0.7884219597810259,0.7920814725110499,0.7811029343209781,17,96,0.684419836467422,17,23,17,"Pigment Red 210, Pigment Red 266 and Pigment Red 170",,PR 210; PR 266 and PR 170; hybrid pure,,,,,Negative,,C25H20N4O4,,440.1484,"InChI=1S/C25H20N4O4/c1-33-21-9-5-4-8-20(21)27-25(32)19-14-16-6-2-3-7-18(16)22(23(19)30)29-28-17-12-10-15(11-13-17)24(26)31/h2-14,30H,1H3,(H2,26,31)(H,27,32)",HULNYTPFPARJMG-UHFFFAOYSA-N,COC1=CC=CC=C1NC(=O)C2=CC3=CC=CC=C3C(=C2O)N=NC4=CC=C(C=C4)C(=O)N,36968-27-1,https://pubchem.ncbi.nlm.nih.gov/compound/162235; https://pubchem.ncbi.nlm.nih.gov/compound/C.I.-Pigment-Red-170,,,,qTof,timsTOF fleX,LDI,,Crude,Corinna,Corinna,mzmine2,1,,"Pigment Red 210, Pigment Red 266 and Pigment Red 170",3.6E3,10.62,1.2E3,6.84,,,,,,,,,,,,,,,,,,,,,,,,,,,,,,,,,,,,,,,,,"Pigment Red 210, Pigment Red 266 and Pigment Red 170"
"54_1_neg.imzML",1,,,,7,0.7433767364262459,0.819231731118666,0.5916667470414059,7,96,0.5944382804938505,7,14,17,"Pigment Red 210, Pigment Red 266 and Pigment Red 170",,PR 210; PR 266 and PR 170; hybrid pure,,,,,Negative,,C25H20N4O4,,440.1484,"InChI=1S/C25H20N4O4/c1-33-21-9-5-4-8-20(21)27-25(32)19-14-16-6-2-3-7-18(16)22(23(19)30)29-28-17-12-10-15(11-13-17)24(26)31/h2-14,30H,1H3,(H2,26,31)(H,27,32)",HULNYTPFPARJMG-UHFFFAOYSA-N,COC1=CC=CC=C1NC(=O)C2=CC3=CC=CC=C3C(=C2O)N=NC4=CC=C(C=C4)C(=O)N,36968-27-1,https://pubchem.ncbi.nlm.nih.gov/compound/162235; https://pubchem.ncbi.nlm.nih.gov/compound/C.I.-Pigment-Red-170,,,,qTof,timsTOF fleX,LDI,,Crude,Corinna,Corinna,mzmine2,1,,"Pigment Red 210, Pigment Red 266 and Pigment Red 170",3.1E3,8.40,8.3E2,-2.50,,,,,,,,,,,,,,,,,,,,,,,,,,,,,,,,,,,,,,,,,"Pigment Red 210, Pigment Red 266 and Pigment Red 170"
"54_1_neg.imzML",1,,,,40,0.46655761994471706,0.5755813257528671,0.24851020832841705,40,623,0.9088988604647577,40,54,2,Pigment Red 57,,PR 57; pure; 1200sum,,,,,negative,,C18H14N2O6S,,386.0573,"InChI=1S/C18H14N2O6S/c1-10-6-7-14(15(8-10)27(24,25)26)19-20-16-12-5-3-2-4-11(12)9-13(17(16)21)18(22)23/h2-9,21H,1H3,(H,22,23)(H,24,25,26)  ",JYNBEDVXQNFTOX-UHFFFAOYSA-N  ,CC1=CC(=C(C=C1)N=NC2=C(C(=CC3=CC=CC=C32)C(=O)O)O)S(=O)(=O)O  ,16014-23-6  ,https://pubchem.ncbi.nlm.nih.gov/compound/22139,,,,qTof,timsTOF fleX,LDI,,Crude,Corinna,Corinna,mzmine2,1,,Pigment Red 57,,,,,,,,,,,,,,,,,,,,,,,,,,,,,,,,,,,,,,,,,,,,,Pigment Red 57
"54_1_neg.imzML",1,,,,30,0.4527093552071739,0.5349581463001436,0.2882117730212346,30,184,0.7460459046722334,30,54,1,Pigment Red 57,,PR 57; pure,,,,,negative,,C18H14N2O6S,,386.0573,"InChI=1S/C18H14N2O6S/c1-10-6-7-14(15(8-10)27(24,25)26)19-20-16-12-5-3-2-4-11(12)9-13(17(16)21)18(22)23/h2-9,21H,1H3,(H,22,23)(H,24,25,26)  ",JYNBEDVXQNFTOX-UHFFFAOYSA-N  ,CC1=CC(=C(C=C1)N=NC2=C(C(=CC3=CC=CC=C32)C(=O)O)O)S(=O)(=O)O  ,16014-23-6  ,https://pubchem.ncbi.nlm.nih.gov/compound/22139,,,,qTof,timsTOF fleX,LDI,,Crude,Corinna,Corinna,mzmine2,1,,Pigment Red 57,,,,,,,,,,,,,,,,,,,,,,,,,,,,,,,,,,,,,,,,,,,,,Pigment Red 57
"54_1_neg.imzML",1,,,,3,0.3731944569036378,0.49291266853666105,0.13375803363759128,3,338,0.04550823029972662,3,54,25,Pigment Blue 15,,PB 15; pure; 1200 sum,,,,,Negative,,C32H16CuN8,,575.0794,InChI=1S/C32H16N8.Cu/c1-2-10-18-17(9-1)25-33-26(18)38-28-21-13-5-6-14-22(21)30(35-28)40-32-24-16-8-7-15-23(24)31(36-32)39-29-20-12-4-3-11-19(20)27(34-29)37-25;/h1-16H;/q-4;+2,ZMIWEXOHDVYOFQ-UHFFFAOYSA-N,C1=CC=C2/C/3=N\C4=C5C(=C([N-]4)/N=C\6/[N-]/C(=N/C7=C8C(=C([N-]7)/N=C(\C2=C1)/[N-]3)C=CC=C8)/C9=CC=CC=C69)C=CC=C5.[Cu+2],147148,https://pubchem.ncbi.nlm.nih.gov/compound/Pigment-Blue-15_3,,,,qTof,timsTOF fleX,LDI,,Crude,Corinna,Corinna,mzmine2,1,,Pigment Blue 15,3.0E3,13.91,1.0E3,-3.72,,,,,,,,,,,,,,,,,,,,,,,,,,,,,,,,,,,,,,,,,Pigment Blue 15
"54_1_neg.imzML",1,,,,8,0.1986773243525617,0.26304756158515785,0.06993684988736933,8,213,0.069292172312943,8,54,21,Pigment Yellow 14,,PY 14; pure; 1200 sum,,,,,Negative,,C34H30Cl2N6O4,,656.1706,"InChI=1S/C34H30Cl2N6O4/c1-19-9-5-7-11-27(19)37-33(45)31(21(3)43)41-39-29-15-13-23(17-25(29)35)24-14-16-30(26(36)18-24)40-42-32(22(4)44)34(46)38-28-12-8-6-10-20(28)2/h5-18,31-32H,1-4H3,(H,37,45)(H,38,46)",LQZFGPJGXVFSTR-UHFFFAOYSA-N,CC1=CC=CC=C1NC(=O)C(C(=O)C)N=NC2=C(C=C(C=C2)C3=CC(=C(C=C3)N=NC(C(=O)C)C(=O)NC4=CC=CC=C4C)Cl)Cl  ,5468-75-7,https://pubchem.ncbi.nlm.nih.gov/compound/93006,,,,qTof,timsTOF fleX,LDI,,Crude,Corinna,Corinna,mzmine2,1,,Pigment Yellow 14,,,,,,,,,,,,,,,,,,,,,,,,,,,,,,,,,,,,,,,,,,,,,Pigment Yellow 14
"54_1_neg.imzML",1,,,,8,0.16483430443061278,0.21228303170223453,0.06993684988736933,8,213,0.0939773862913683,8,54,21,Pigment Yellow 14,,PY 14; pure; 1200 sum,,,,,Negative,,C34H30Cl2N6O4,,656.1706,"InChI=1S/C34H30Cl2N6O4/c1-19-9-5-7-11-27(19)37-33(45)31(21(3)43)41-39-29-15-13-23(17-25(29)35)24-14-16-30(26(36)18-24)40-42-32(22(4)44)34(46)38-28-12-8-6-10-20(28)2/h5-18,31-32H,1-4H3,(H,37,45)(H,38,46)",LQZFGPJGXVFSTR-UHFFFAOYSA-N,CC1=CC=CC=C1NC(=O)C(C(=O)C)N=NC2=C(C=C(C=C2)C3=CC(=C(C=C3)N=NC(C(=O)C)C(=O)NC4=CC=CC=C4C)Cl)Cl  ,5468-75-7,https://pubchem.ncbi.nlm.nih.gov/compound/93006,,,,qTof,timsTOF fleX,LDI,,Crude,Corinna,Corinna,mzmine2,1,,Pigment Yellow 14,,,,,,,,,,,,,,,,,,,,,,,,,,,,,,,,,,,,,,,,,,,,,Pigment Yellow 14
"54_1_neg.imzML",1,,,,21,0.14162181600222645,0.20618490802249126,0.012495631961696868,21,723,0.6646718408745974,21,54,4,Pigment Red 49,,PR 49; pure; 1200sum,,,,,Negative,,C20H14N2O4S,,378.0674,"InChI=1S/C20H14N2O4S/c23-18-12-10-13-5-1-3-7-15(13)19(18)22-21-17-11-9-14-6-2-4-8-16(14)20(17)27(24,25)26/h1-12,23H,(H,24,25,26)  ",SRPCPRSDICCCRQ-UHFFFAOYSA-N  ,C1=CC=C2C(=C1)C=CC(=C2N=NC3=C(C4=CC=CC=C4C=C3)S(=O)(=O)O)O  ,29128-55-0  ,https://pubchem.ncbi.nlm.nih.gov/compound/14200,,,,qTof,timsTOF fleX,LDI,,Crude,Corinna,Corinna,mzmine2,1,,Pigment Red 49,,,,,,,,,,,,,,,,,,,,,,,,,,,,,,,,,,,,,,,,,,,,,Pigment Red 49
"66_2_neg.imzML",1,,,,7,0.9733108575217386,0.9668594536390276,0.9862136652871608,7,9,0.005445772113099721,7,2986,19,Pigment Violet 19,,PV 19; pure,,,,,Negative,,C20H12N2O2,,312.0899,"InChI=1S/C20H12N2O2/c23-19-11-5-1-3-7-15(11)21-17-10-14-18(9-13(17)19)22-16-8-4-2-6-12(16)20(14)24/h1-10H,(H,21,23)(H,22,24)",NRCMAYZCPIVABH-UHFFFAOYSA-N,C1=CC=C2C(=C1)C(=O)C3=CC4=C(C=C3N2)C(=O)C5=CC=CC=C5N4,1047-16-1,https://pubchem.ncbi.nlm.nih.gov/compound/13976,,,,qTof,timsTOF fleX,LDI,,Crude,Corinna,Corinna,mzmine2,1,,Pigment Violet 19,8.9E3,6.66,3.3E3,-0.81,4.0E3,23.81,2.7E3,19.67,1.6E3,22.90,9.5E3,8.06,3.3E3,24.02,1.9E3,7.25,,,,,,,1.4E3,0.89,,,,,,,,,1.6E3,-10.65,2.7E3,9.69,,,,,,,1.3E3,-20.60,Pigment Violet 19
"66_2_neg.imzML",1,,,,8,0.9705521651240359,0.9593778853612864,0.9929007246495346,8,9,0.8284474539019699,8,94,19,Pigment Violet 19,,PV 19; pure,,,,,Negative,,C20H12N2O2,,312.0899,"InChI=1S/C20H12N2O2/c23-19-11-5-1-3-7-15(11)21-17-10-14-18(9-13(17)19)22-16-8-4-2-6-12(16)20(14)24/h1-10H,(H,21,23)(H,22,24)",NRCMAYZCPIVABH-UHFFFAOYSA-N,C1=CC=C2C(=C1)C(=O)C3=CC4=C(C=C3N2)C(=O)C5=CC=CC=C5N4,1047-16-1,https://pubchem.ncbi.nlm.nih.gov/compound/13976,,,,qTof,timsTOF fleX,LDI,,Crude,Corinna,Corinna,mzmine2,1,,Pigment Violet 19,6.5E4,7.05,8.2E3,-8.70,1.1E3,-11.80,,,,,1.3E3,19.44,,,,,,,,,,,1.2E3,8.52,,,,,,,,,,,,,,,,,,,,,Pigment Violet 19
"66_2_neg.imzML",1,,,,3,0.9635707619107637,0.9817440184816071,0.9272242487690773,3,9,0.02066729923638426,3,83,19,Pigment Violet 19,,PV 19; pure,,,,,Negative,,C20H12N2O2,,312.0899,"InChI=1S/C20H12N2O2/c23-19-11-5-1-3-7-15(11)21-17-10-14-18(9-13(17)19)22-16-8-4-2-6-12(16)20(14)24/h1-10H,(H,21,23)(H,22,24)",NRCMAYZCPIVABH-UHFFFAOYSA-N,C1=CC=C2C(=C1)C(=O)C3=CC4=C(C=C3N2)C(=O)C5=CC=CC=C5N4,1047-16-1,https://pubchem.ncbi.nlm.nih.gov/compound/13976,,,,qTof,timsTOF fleX,LDI,,Crude,Corinna,Corinna,mzmine2,1,,Pigment Violet 19,1.0E3,8.23,,,,,,,,,,,,,,,,,,,,,,,,,,,,,,,,,,,,,,,,,,,Pigment Violet 19
"66_2_neg.imzML",1,,,,13,0.5785042469499027,0.6629675048048319,0.40957773124004415,13,184,0.2468563258422847,13,39,1,Pigment Red 57,,PR 57; pure,,,,,negative,,C18H14N2O6S,,386.0573,"InChI=1S/C18H14N2O6S/c1-10-6-7-14(15(8-10)27(24,25)26)19-20-16-12-5-3-2-4-11(12)9-13(17(16)21)18(22)23/h2-9,21H,1H3,(H,22,23)(H,24,25,26)  ",JYNBEDVXQNFTOX-UHFFFAOYSA-N  ,CC1=CC(=C(C=C1)N=NC2=C(C(=CC3=CC=CC=C32)C(=O)O)O)S(=O)(=O)O  ,16014-23-6  ,https://pubchem.ncbi.nlm.nih.gov/compound/22139,,,,qTof,timsTOF fleX,LDI,,Crude,Corinna,Corinna,mzmine2,1,,Pigment Red 57,,,,,,,,,,,,,,,,,,,,,,,,,,,,,,,,,,,,,,,,,,,,,Pigment Red 57
"66_2_neg.imzML",1,,,,12,0.5578212536394705,0.6705864817691155,0.3322907973801806,12,623,0.24941555061284368,12,36,2,Pigment Red 57,,PR 57; pure; 1200sum,,,,,negative,,C18H14N2O6S,,386.0573,"InChI=1S/C18H14N2O6S/c1-10-6-7-14(15(8-10)27(24,25)26)19-20-16-12-5-3-2-4-11(12)9-13(17(16)21)18(22)23/h2-9,21H,1H3,(H,22,23)(H,24,25,26)  ",JYNBEDVXQNFTOX-UHFFFAOYSA-N  ,CC1=CC(=C(C=C1)N=NC2=C(C(=CC3=CC=CC=C32)C(=O)O)O)S(=O)(=O)O  ,16014-23-6  ,https://pubchem.ncbi.nlm.nih.gov/compound/22139,,,,qTof,timsTOF fleX,LDI,,Crude,Corinna,Corinna,mzmine2,1,,Pigment Red 57,,,,,,,,,,,,,,,,,,,,,,,,,,,,,,,,,,,,,,,,,,,,,Pigment Red 57
"66_2_neg.imzML",1,,,,118,0.5565794350093699,0.5099166311394976,0.6499050427491146,118,184,0.2789447150424176,118,1294,1,Pigment Red 57,,PR 57; pure,,,,,negative,,C18H14N2O6S,,386.0573,"InChI=1S/C18H14N2O6S/c1-10-6-7-14(15(8-10)27(24,25)26)19-20-16-12-5-3-2-4-11(12)9-13(17(16)21)18(22)23/h2-9,21H,1H3,(H,22,23)(H,24,25,26)  ",JYNBEDVXQNFTOX-UHFFFAOYSA-N  ,CC1=CC(=C(C=C1)N=NC2=C(C(=CC3=CC=CC=C32)C(=O)O)O)S(=O)(=O)O  ,16014-23-6  ,https://pubchem.ncbi.nlm.nih.gov/compound/22139,,,,qTof,timsTOF fleX,LDI,,Crude,Corinna,Corinna,mzmine2,1,,Pigment Red 57,,,,,,,,,,,,,,,7.9E2,-5.61,,,6.3E2,-1.73,,,,,,,,,,,,,,,,,,,,,,,,,Pigment Red 57
"66_2_neg.imzML",1,,,,130,0.4179415760960226,0.2556539246145949,0.7425168790588782,130,184,0.06183561846877777,130,2986,10,Pigment Orange 16,,PO 16; pure,,,,,Negative,,C34H32N6O6,,620.2383,"InChI=1S/C34H32N6O6/c1-21(41)31(33(43)35-25-11-7-5-8-12-25)39-37-27-17-15-23(19-29(27)45-3)24-16-18-28(30(20-24)46-4)38-40-32(22(2)42)34(44)36-26-13-9-6-10-14-26/h5-20,31-32H,1-4H3,(H,35,43)(H,36,44)",DMPXHEMGDYKSFL-UHFFFAOYSA-N,CC(=O)C(C(=O)NC1=CC=CC=C1)N=NC2=C(C=C(C=C2)C3=CC(=C(C=C3)N=NC(C(=O)C)C(=O)NC4=CC=CC=C4)OC)OC,6505-28-8,https://pubchem.ncbi.nlm.nih.gov/compound/110869,,,,qTof,timsTOF fleX,LDI,,Crude,Corinna,Corinna,mzmine2,1,,Pigment Orange 16,,,1.3E3,-9.19,1.0E3,11.61,2.2E3,16.99,1.4E3,-11.82,,,1.1E3,19.89,,,,,,,,,,,,,,,,,,,,,,,,,,,,,,,Pigment Orange 16
"66_2_neg.imzML",1,,,,57,0.3960290220722568,0.24871153721071185,0.6906639917953467,57,96,0.026334237160787276,57,1870,17,"Pigment Red 210, Pigment Red 266 and Pigment Red 170",,PR 210; PR 266 and PR 170; hybrid pure,,,,,Negative,,C25H20N4O4,,440.1484,"InChI=1S/C25H20N4O4/c1-33-21-9-5-4-8-20(21)27-25(32)19-14-16-6-2-3-7-18(16)22(23(19)30)29-28-17-12-10-15(11-13-17)24(26)31/h2-14,30H,1H3,(H2,26,31)(H,27,32)",HULNYTPFPARJMG-UHFFFAOYSA-N,COC1=CC=CC=C1NC(=O)C2=CC3=CC=CC=C3C(=C2O)N=NC4=CC=C(C=C4)C(=O)N,36968-27-1,https://pubchem.ncbi.nlm.nih.gov/compound/162235; https://pubchem.ncbi.nlm.nih.gov/compound/C.I.-Pigment-Red-170,,,,qTof,timsTOF fleX,LDI,,Crude,Corinna,Corinna,mzmine2,1,,"Pigment Red 210, Pigment Red 266 and Pigment Red 170",,,5.3E2,-1.47,,,5.4E2,-7.47,5.1E2,-20.54,,,5.5E2,6.02,,,,,,,,,,,,,,,,,,,,,,,,,,,,,,,"Pigment Red 210, Pigment Red 266 and Pigment Red 170"
"66_2_neg.imzML",1,,,,115,0.39106917678828274,0.28066756403169774,0.6118724023014528,115,184,0.07060320276390121,115,1576,10,Pigment Orange 16,,PO 16; pure,,,,,Negative,,C34H32N6O6,,620.2383,"InChI=1S/C34H32N6O6/c1-21(41)31(33(43)35-25-11-7-5-8-12-25)39-37-27-17-15-23(19-29(27)45-3)24-16-18-28(30(20-24)46-4)38-40-32(22(2)42)34(44)36-26-13-9-6-10-14-26/h5-20,31-32H,1-4H3,(H,35,43)(H,36,44)",DMPXHEMGDYKSFL-UHFFFAOYSA-N,CC(=O)C(C(=O)NC1=CC=CC=C1)N=NC2=C(C=C(C=C2)C3=CC(=C(C=C3)N=NC(C(=O)C)C(=O)NC4=CC=CC=C4)OC)OC,6505-28-8,https://pubchem.ncbi.nlm.nih.gov/compound/110869,,,,qTof,timsTOF fleX,LDI,,Crude,Corinna,Corinna,mzmine2,1,,Pigment Orange 16,,,,,,,,,,,,,,,,,,,,,,,,,,,,,,,,,,,,,,,,,,,,,Pigment Orange 16
"66_2_neg.imzML",1,,,,18,0.37314948775521123,0.2102907804801885,0.6988669023052567,18,32,0.006870846755995455,18,1576,14,Pigment Red 170,,PR 170; pure,,,,,Negative,,C26H22N4O4,,454.1641,"InChI=1S/C26H22N4O4/c1-2-34-22-10-6-5-9-21(22)28-26(33)20-15-17-7-3-4-8-19(17)23(24(20)31)30-29-18-13-11-16(12-14-18)25(27)32/h3-15,31H,2H2,1H3,(H2,27,32)(H,28,33)",BGVYDWVAGZBEMJ-UHFFFAOYSA-N,CCOC1=CC=CC=C1NC(=O)C2=CC3=CC=CC=C3C(=C2O)N=NC4=CC=C(C=C4)C(=O)N,2786-76-7,https://pubchem.ncbi.nlm.nih.gov/compound/C.I.-Pigment-Red-170,,,,qTof,timsTOF fleX,LDI,,Crude,Corinna,Corinna,mzmine2,1,,Pigment Red 170,,,,,5.1E2,8.38,,,,,,,7.3E2,-24.00,,,,,,,,,,,,,,,,,,,,,,,,,,,,,,,Pigment Red 170
"66_2_neg.imzML",1,,,,46,0.3658130870756535,0.2487926108766593,0.5998540394736419,46,96,0.030212393742112095,46,1235,17,"Pigment Red 210, Pigment Red 266 and Pigment Red 170",,PR 210; PR 266 and PR 170; hybrid pure,,,,,Negative,,C25H20N4O4,,440.1484,"InChI=1S/C25H20N4O4/c1-33-21-9-5-4-8-20(21)27-25(32)19-14-16-6-2-3-7-18(16)22(23(19)30)29-28-17-12-10-15(11-13-17)24(26)31/h2-14,30H,1H3,(H2,26,31)(H,27,32)",HULNYTPFPARJMG-UHFFFAOYSA-N,COC1=CC=CC=C1NC(=O)C2=CC3=CC=CC=C3C(=C2O)N=NC4=CC=C(C=C4)C(=O)N,36968-27-1,https://pubchem.ncbi.nlm.nih.gov/compound/162235; https://pubchem.ncbi.nlm.nih.gov/compound/C.I.-Pigment-Red-170,,,,qTof,timsTOF fleX,LDI,,Crude,Corinna,Corinna,mzmine2,1,,"Pigment Red 210, Pigment Red 266 and Pigment Red 170",,,5.3E2,-1.47,,,5.4E2,-7.47,5.1E2,-20.54,,,5.5E2,6.02,,,,,,,,,,,,,,,,,,,,,,,,,,,,,,,"Pigment Red 210, Pigment Red 266 and Pigment Red 170"
"66_2_neg.imzML",1,,,,159,0.3316352942838053,0.23817683989833519,0.5185522030547456,159,346,0.10760136872987615,159,1294,3,Pigment Red 49,,PR 49; pure,,,,,Negative,,C20H14N2O4S,,378.0674,"InChI=1S/C20H14N2O4S/c23-18-12-10-13-5-1-3-7-15(13)19(18)22-21-17-11-9-14-6-2-4-8-16(14)20(17)27(24,25)26/h1-12,23H,(H,24,25,26)  ",SRPCPRSDICCCRQ-UHFFFAOYSA-N  ,C1=CC=C2C(=C1)C=CC(=C2N=NC3=C(C4=CC=CC=C4C=C3)S(=O)(=O)O)O  ,29128-55-0  ,https://pubchem.ncbi.nlm.nih.gov/compound/14200,,,,qTof,timsTOF fleX,LDI,,Crude,Corinna,Corinna,mzmine2,1,,Pigment Red 49,,,,,,,,,,,5.2E2,1.79,,,6.9E2,2.69,,,7.5E2,-22.64,,,,,,,,,,,,,,,,,,,,,,,,,Pigment Red 49
"66_2_neg.imzML",1,,,,117,0.31780224761525194,0.25210019190105604,0.4492063590436438,117,346,0.11419953170768045,117,783,3,Pigment Red 49,,PR 49; pure,,,,,Negative,,C20H14N2O4S,,378.0674,"InChI=1S/C20H14N2O4S/c23-18-12-10-13-5-1-3-7-15(13)19(18)22-21-17-11-9-14-6-2-4-8-16(14)20(17)27(24,25)26/h1-12,23H,(H,24,25,26)  ",SRPCPRSDICCCRQ-UHFFFAOYSA-N  ,C1=CC=C2C(=C1)C=CC(=C2N=NC3=C(C4=CC=CC=C4C=C3)S(=O)(=O)O)O  ,29128-55-0  ,https://pubchem.ncbi.nlm.nih.gov/compound/14200,,,,qTof,timsTOF fleX,LDI,,Crude,Corinna,Corinna,mzmine2,1,,Pigment Red 49,,,,,,,,,,,6.2E2,7.62,,,5.7E2,-19.39,,,,,,,,,,,,,,,,,,,,,,,,,,,,,Pigment Red 49
"66_2_neg.imzML",1,,,,173,0.31761911289963124,0.2145372246822369,0.52378288933442,173,346,0.08237962160266908,173,2113,3,Pigment Red 49,,PR 49; pure,,,,,Negative,,C20H14N2O4S,,378.0674,"InChI=1S/C20H14N2O4S/c23-18-12-10-13-5-1-3-7-15(13)19(18)22-21-17-11-9-14-6-2-4-8-16(14)20(17)27(24,25)26/h1-12,23H,(H,24,25,26)  ",SRPCPRSDICCCRQ-UHFFFAOYSA-N  ,C1=CC=C2C(=C1)C=CC(=C2N=NC3=C(C4=CC=CC=C4C=C3)S(=O)(=O)O)O  ,29128-55-0  ,https://pubchem.ncbi.nlm.nih.gov/compound/14200,,,,qTof,timsTOF fleX,LDI,,Crude,Corinna,Corinna,mzmine2,1,,Pigment Red 49,5.3E2,19.49,6.0E2,-1.29,,,,,,,6.0E2,1.79,,,1.0E3,2.69,,,9.6E2,-22.64,,,,,,,,,,,,,,,,,,,,,,,,,Pigment Red 49
"66_2_neg.imzML",1,,,,47,0.26503219149878426,0.2401257728814399,0.3148450287334729,47,146,0.026458593005625003,47,2113,20,Pigment Yellow 14,,PY 14; pure,,,,,Negative,,C34H30Cl2N6O4,,656.1706,"InChI=1S/C34H30Cl2N6O4/c1-19-9-5-7-11-27(19)37-33(45)31(21(3)43)41-39-29-15-13-23(17-25(29)35)24-14-16-30(26(36)18-24)40-42-32(22(4)44)34(46)38-28-12-8-6-10-20(28)2/h5-18,31-32H,1-4H3,(H,37,45)(H,38,46)",LQZFGPJGXVFSTR-UHFFFAOYSA-N,CC1=CC=CC=C1NC(=O)C(C(=O)C)N=NC2=C(C=C(C=C2)C3=CC(=C(C=C3)N=NC(C(=O)C)C(=O)NC4=CC=CC=C4C)Cl)Cl  ,5468-75-7,https://pubchem.ncbi.nlm.nih.gov/compound/93006,,,,qTof,timsTOF fleX,LDI,,Crude,Corinna,Corinna,mzmine2,1,,Pigment Yellow 14,,,,,,,,,,,,,,,,,,,,,,,,,,,,,,,,,,,,,,,,,,,,,Pigment Yellow 14
"66_2_neg.imzML",1,,,,66,0.2527146328832055,0.21642217772913033,0.32529954319135584,66,213,0.03353810844985612,66,2113,21,Pigment Yellow 14,,PY 14; pure; 1200 sum,,,,,Negative,,C34H30Cl2N6O4,,656.1706,"InChI=1S/C34H30Cl2N6O4/c1-19-9-5-7-11-27(19)37-33(45)31(21(3)43)41-39-29-15-13-23(17-25(29)35)24-14-16-30(26(36)18-24)40-42-32(22(4)44)34(46)38-28-12-8-6-10-20(28)2/h5-18,31-32H,1-4H3,(H,37,45)(H,38,46)",LQZFGPJGXVFSTR-UHFFFAOYSA-N,CC1=CC=CC=C1NC(=O)C(C(=O)C)N=NC2=C(C=C(C=C2)C3=CC(=C(C=C3)N=NC(C(=O)C)C(=O)NC4=CC=CC=C4C)Cl)Cl  ,5468-75-7,https://pubchem.ncbi.nlm.nih.gov/compound/93006,,,,qTof,timsTOF fleX,LDI,,Crude,Corinna,Corinna,mzmine2,1,,Pigment Yellow 14,,,,,,,,,,,,,,,,,,,,,,,,,,,,,,,,,,,,,,,,,,,,,Pigment Yellow 14
"66_2_neg.imzML",1,,,,35,0.2519641060439308,0.2716514978265166,0.21258932247875925,35,156,0.14489950291765724,35,172,24,Pigment Blue 15,,PB 15; pure,,,,,Negative,,C32H16CuN8,,575.0794,InChI=1S/C32H16N8.Cu/c1-2-10-18-17(9-1)25-33-26(18)38-28-21-13-5-6-14-22(21)30(35-28)40-32-24-16-8-7-15-23(24)31(36-32)39-29-20-12-4-3-11-19(20)27(34-29)37-25;/h1-16H;/q-4;+2,ZMIWEXOHDVYOFQ-UHFFFAOYSA-N,C1=CC=C2/C/3=N\C4=C5C(=C([N-]4)/N=C\6/[N-]/C(=N/C7=C8C(=C([N-]7)/N=C(\C2=C1)/[N-]3)C=CC=C8)/C9=CC=CC=C69)C=CC=C5.[Cu+2],147148,https://pubchem.ncbi.nlm.nih.gov/compound/Pigment-Blue-15_3,,,,qTof,timsTOF fleX,LDI,,Crude,Corinna,Corinna,mzmine2,1,,Pigment Blue 15,,,,,,,,,,,,,,,,,,,,,,,,,,,,,,,,,,,,,,,,,,,,,Pigment Blue 15
"66_2_neg.imzML",1,,,,134,0.24462481262963154,0.2124411468692665,0.3089921441503616,134,338,0.07226561673795283,134,2113,25,Pigment Blue 15,,PB 15; pure; 1200 sum,,,,,Negative,,C32H16CuN8,,575.0794,InChI=1S/C32H16N8.Cu/c1-2-10-18-17(9-1)25-33-26(18)38-28-21-13-5-6-14-22(21)30(35-28)40-32-24-16-8-7-15-23(24)31(36-32)39-29-20-12-4-3-11-19(20)27(34-29)37-25;/h1-16H;/q-4;+2,ZMIWEXOHDVYOFQ-UHFFFAOYSA-N,C1=CC=C2/C/3=N\C4=C5C(=C([N-]4)/N=C\6/[N-]/C(=N/C7=C8C(=C([N-]7)/N=C(\C2=C1)/[N-]3)C=CC=C8)/C9=CC=CC=C69)C=CC=C5.[Cu+2],147148,https://pubchem.ncbi.nlm.nih.gov/compound/Pigment-Blue-15_3,,,,qTof,timsTOF fleX,LDI,,Crude,Corinna,Corinna,mzmine2,1,,Pigment Blue 15,,,,,,,,,,,,,,,5.4E2,14.16,,,,,5.2E2,-7.58,,,,,,,,,,,,,,,,,,,,,,,Pigment Blue 15
"66_2_neg.imzML",1,,,,279,0.23258477943727965,0.2123071742167371,0.27313998987836474,279,1201,0.283103439270885,279,993,26,Pigment Orange 13,,PO 13; pure; 1200sum,,,,,Positive,,C32H24Cl2N8O2,,622.14,"InChI=1S/C32H24Cl2N8O2/c1-19-29(31(43)41(39-19)23-9-5-3-6-10-23)37-35-27-15-13-21(17-25(27)33)22-14-16-28(26(34)18-22)36-38-30-20(2)40-42(32(30)44)24-11-7-4-8-12-24/h3-18,43-44H,1-2H3",LVOJOIBIVGEQBP-UHFFFAOYSA-N,CC1=NN(C(=C1N=NC2=C(C=C(C=C2)C3=CC(=C(C=C3)N=NC4=C(N(N=C4C)C5=CC=CC=C5)O)Cl)Cl)O)C6=CC=CC=C6,3520-72-7,https://pubchem.ncbi.nlm.nih.gov/compound/Pyrazolone-Orange,,,,qTof,timsTOF fleX,LDI,,Crude,Corinna,Corinna,mzmine2,1,,Pigment Orange 13,,,,,,,,,,,,,,,,,,,,,,,,,,,,,,,,,,,,,,,,,,,,,Pigment Orange 13
"66_2_neg.imzML",1,,,,299,0.2316834055994361,0.20725169653002015,0.28054682373826795,299,1201,0.29734553035854133,299,1111,26,Pigment Orange 13,,PO 13; pure; 1200sum,,,,,Positive,,C32H24Cl2N8O2,,622.14,"InChI=1S/C32H24Cl2N8O2/c1-19-29(31(43)41(39-19)23-9-5-3-6-10-23)37-35-27-15-13-21(17-25(27)33)22-14-16-28(26(34)18-22)36-38-30-20(2)40-42(32(30)44)24-11-7-4-8-12-24/h3-18,43-44H,1-2H3",LVOJOIBIVGEQBP-UHFFFAOYSA-N,CC1=NN(C(=C1N=NC2=C(C=C(C=C2)C3=CC(=C(C=C3)N=NC4=C(N(N=C4C)C5=CC=CC=C5)O)Cl)Cl)O)C6=CC=CC=C6,3520-72-7,https://pubchem.ncbi.nlm.nih.gov/compound/Pyrazolone-Orange,,,,qTof,timsTOF fleX,LDI,,Crude,Corinna,Corinna,mzmine2,1,,Pigment Orange 13,,,,,,,,,,,,,,,,,,,,,,,,,,,,,,,,,,,,,,,,,,,,,Pigment Orange 13
"66_2_neg.imzML",1,,,,167,0.1936982228694145,0.21666666103976664,0.14776134652871017,167,1201,0.34503111452433605,167,410,26,Pigment Orange 13,,PO 13; pure; 1200sum,,,,,Positive,,C32H24Cl2N8O2,,622.14,"InChI=1S/C32H24Cl2N8O2/c1-19-29(31(43)41(39-19)23-9-5-3-6-10-23)37-35-27-15-13-21(17-25(27)33)22-14-16-28(26(34)18-22)36-38-30-20(2)40-42(32(30)44)24-11-7-4-8-12-24/h3-18,43-44H,1-2H3",LVOJOIBIVGEQBP-UHFFFAOYSA-N,CC1=NN(C(=C1N=NC2=C(C=C(C=C2)C3=CC(=C(C=C3)N=NC4=C(N(N=C4C)C5=CC=CC=C5)O)Cl)Cl)O)C6=CC=CC=C6,3520-72-7,https://pubchem.ncbi.nlm.nih.gov/compound/Pyrazolone-Orange,,,,qTof,timsTOF fleX,LDI,,Crude,Corinna,Corinna,mzmine2,1,,Pigment Orange 13,,,,,,,,,,,,,,,,,,,,,,,,,,,,,,,,,,,,,,,,,,,,,Pigment Orange 13
"66_2_neg.imzML",1,,,,3,0.18103302275651226,0.2701577175216333,0.002783633226270172,3,227,0.7743435104912677,3,4,13,Pigment Red 122,,PR 122; pure; 1200 sum,,,,,Negative,,C22H16N2O2,,340.1212,"InChI=1S/C22H16N2O2/c1-11-3-5-17-13(7-11)21(25)15-9-20-16(10-19(15)23-17)22(26)14-8-12(2)4-6-18(14)24-20/h3-10H,1-2H3,(H,23,25)(H,24,26)",TXWSZJSDZKWQAU-UHFFFAOYSA-N,CC1=CC2=C(C=C1)NC3=CC4=C(C=C3C2=O)NC5=C(C4=O)C=C(C=C5)C,980-26-7,https://pubchem.ncbi.nlm.nih.gov/compound/70423,,,,qTof,timsTOF fleX,LDI,,Crude,Corinna,Corinna,mzmine2,1,,Pigment Red 122,,,,,,,,,,,,,,,,,,,,,,,,,,,,,,,,,,,,,,,,,,,,,Pigment Red 122
"66_2_neg.imzML",1,,,,14,0.16037317041403146,0.21035566325241578,0.06040818473726282,14,349,0.07872511409986202,14,97,23,Pigment Yellow 83,,PY 83; pure; 1200 sum,,,,,Negative,,C26H27ClN4O8S,,818.1006,"InChI=1S/C26H27ClN4O8S/c1-15(32)25(26(33)28-18-12-20(36-2)17(27)11-21(18)37-3)30-29-19-13-23(39-5)24(14-22(19)38-4)40(34,35)31-16-9-7-6-8-10-16/h6-14,25,31H,1-5H3,(H,28,33)  ",WNWZKKBGFYKSGA-UHFFFAOYSA-N  ,CC(=O)C(C(=O)NC1=CC(=C(C=C1OC)Cl)OC)N=NC2=CC(=C(C=C2OC)S(=O)(=O)NC3=CC=CC=C3)OC  ,12225-18-2  ,https://pubchem.ncbi.nlm.nih.gov/compound/61559,,,,qTof,timsTOF fleX,LDI,,Crude,Corinna,Corinna,mzmine2,1,,Pigment Yellow 83,,,,,,,,,,,,,,,,,,,,,,,,,,,,,,,,,,,,,,,,,,,,,Pigment Yellow 83
"66_2_neg.imzML",1,,,,11,0.15887602422631972,0.2239304695703631,0.028767133538232938,11,306,0.2588664867439276,11,19,6,Pigment Red 53,,PR 53; pure,,,,,Negative,,C17H13ClN2O4S,,376.0285,"InChI=1S/C17H13ClN2O4S/c1-10-8-14(16(9-13(10)18)25(22,23)24)19-20-17-12-5-3-2-4-11(12)6-7-15(17)21/h2-9,21H,1H3,(H,22,23,24)  ",IYHIFXGFKVJNBB-UHFFFAOYSA-N  ,CC1=CC(=C(C=C1Cl)S(=O)(=O)O)N=NC2=C(C=CC3=CC=CC=C32)O  ,15958-19-7  ,https://pubchem.ncbi.nlm.nih.gov/compound/21239,,,,qTof,timsTOF fleX,LDI,,Crude,Corinna,Carina,mzmine2,1,,Pigment Red 53,,,,,,,,,,,,,,,,,,,,,,,,,,,,,,,,,,,,,,,,,,,,,Pigment Red 53
"66_2_neg.imzML",1,,,,11,0.15784400785920552,0.221975021701697,0.029581980174222592,11,306,0.6403086078415884,11,18,6,Pigment Red 53,,PR 53; pure,,,,,Negative,,C17H13ClN2O4S,,376.0285,"InChI=1S/C17H13ClN2O4S/c1-10-8-14(16(9-13(10)18)25(22,23)24)19-20-17-12-5-3-2-4-11(12)6-7-15(17)21/h2-9,21H,1H3,(H,22,23,24)  ",IYHIFXGFKVJNBB-UHFFFAOYSA-N  ,CC1=CC(=C(C=C1Cl)S(=O)(=O)O)N=NC2=C(C=CC3=CC=CC=C32)O  ,15958-19-7  ,https://pubchem.ncbi.nlm.nih.gov/compound/21239,,,,qTof,timsTOF fleX,LDI,,Crude,Corinna,Carina,mzmine2,1,,Pigment Red 53,,,,,,,,,,,,,,,,,,,,,,,,,,,,,,,,,,,,,,,,,,,,,Pigment Red 53
"66_2_neg.imzML",1,,,,9,0.15783361276296504,0.22484521532513818,0.02381040763861877,9,343,0.5278194696790163,9,18,7,Pigment Red 53,,PR 53; pure,,,,,Negative,,C17H13ClN2O4S,,376.0285,"InChI=1S/C17H13ClN2O4S/c1-10-8-14(16(9-13(10)18)25(22,23)24)19-20-17-12-5-3-2-4-11(12)6-7-15(17)21/h2-9,21H,1H3,(H,22,23,24)  ",IYHIFXGFKVJNBB-UHFFFAOYSA-N  ,CC1=CC(=C(C=C1Cl)S(=O)(=O)O)N=NC2=C(C=CC3=CC=CC=C32)O  ,15958-19-7  ,https://pubchem.ncbi.nlm.nih.gov/compound/21239,,,,qTof,timsTOF fleX,LDI,,Crude,Corinna,Carina,mzmine2,1,,Pigment Red 53,,,,,,,,,,,,,,,,,,,,,,,,,,,,,,,,,,,,,,,,,,,,,Pigment Red 53
